{
  "SVM_Linear": {
    "accuracy": 0.9282868525896414,
    "precision": 0.9354838709677419,
    "recall": 0.9206349206349206,
    "f1": 0.928,
    "roc_auc": 0.9767301587301587,
    "cv_f1_mean": 0.9340409203313872,
    "cv_f1_std": 0.01327274276356403
  },
  "SVM_RBF": {
    "accuracy": 0.9123505976095617,
    "precision": 0.956140350877193,
    "recall": 0.8650793650793651,
    "f1": 0.9083333333333333,
    "roc_auc": 0.969936507936508,
    "cv_f1_mean": 0.9073424309482828,
    "cv_f1_std": 0.014218813414144155
  },
  "LogReg_L2": {
    "accuracy": 0.9123505976095617,
    "precision": 0.90625,
    "recall": 0.9206349206349206,
    "f1": 0.9133858267716536,
    "roc_auc": 0.978031746031746,
    "cv_f1_mean": 0.9317428423677269,
    "cv_f1_std": 0.01544902906005093
  }
}