{
  "SVM_Linear": {
    "accuracy": 0.8685258964143426,
    "precision": 0.8780487804878049,
    "recall": 0.8571428571428571,
    "f1": 0.8674698795180723,
    "roc_auc": 0.9499047619047619,
    "cv_f1_mean": 0.8878800503153335,
    "cv_f1_std": 0.0050733652113434955
  },
  "SVM_RBF": {
    "accuracy": 0.8685258964143426,
    "precision": 0.9043478260869565,
    "recall": 0.8253968253968254,
    "f1": 0.8630705394190872,
    "roc_auc": 0.9548571428571428,
    "cv_f1_mean": 0.8854139249191363,
    "cv_f1_std": 0.01822076279762974
  },
  "LogReg_L2": {
    "accuracy": 0.8725099601593626,
    "precision": 0.8916666666666667,
    "recall": 0.8492063492063492,
    "f1": 0.8699186991869918,
    "roc_auc": 0.9535238095238094,
    "cv_f1_mean": 0.897807209616898,
    "cv_f1_std": 0.00873870945018869
  }
}